Experiment Name,Graph,Data Size,Node Size,Edge Size,Dynamics,Method,Model,Acc,TP,FP,FN,Loss,Prediction Acc/MSE,Run Time,Epochs,X
cml_50K_3.5_erdos_25_MLP_input_change,erdos,50K,25,93,cml 3.5,input_change,MLP,0.888,0.6451612903225806,0.06954887218045112,0.3548387096774194,35.0,0.01,795.7288525104523,50,
cml_50K_3.5_erdos_25_MLP_gradient_based,erdos,50K,25,93,cml 3.5,gradient_based,MLP,0.8928,0.6989247311827957,0.07330827067669173,0.3010752688172043,33.5,0.01,929.3598051071167,50,
cml_50K_3.5_erdos_25_MLP_deeplift,erdos,50K,25,93,cml 3.5,deeplift,MLP,0.8928,0.6989247311827957,0.07330827067669173,0.3010752688172043,33.5,0.01,800.3991537094116,50,
voter_50K_erdos_25_MLP_input_change5,erdos,50K,25,93,voter,input_change,MLP,0.9568,0.989247311827957,0.04887218045112782,0.010752688172043012,13.5,0.77,442.29835748672485,50,5
voter_50K_erdos_25_MLP_gradient_based5,erdos,50K,25,93,voter,gradient_based,MLP,0.9616,0.989247311827957,0.043233082706766915,0.010752688172043012,12.0,0.77,637.9043507575989,50,5
voter_50K_erdos_25_MLP_deeplift5,erdos,50K,25,93,voter,deeplift,MLP,0.9616,0.989247311827957,0.043233082706766915,0.010752688172043012,12.0,0.77,467.96704840660095,50,5
